frame,hand_id,x,y,z
0,0,0.46931612491607666,0.6420934796333313,-0.013577369041740894
0,1,0.4021133482456207,0.5008485913276672,0.005711189936846495
0,2,0.4505601227283478,0.8909270763397217,-0.006803508847951889
1,0,0.4641149342060089,0.636195719242096,-0.006474943365901709
1,1,0.4023795425891876,0.49938368797302246,0.005533096846193075
1,2,0.4482814371585846,0.8807225823402405,-0.007691075559705496
2,0,0.4590057134628296,0.6305173635482788,-0.008339190855622292
2,1,0.4025871157646179,0.49848559498786926,0.005047160666435957
2,2,0.44049641489982605,0.8620299100875854,-0.003415839746594429
3,0,0.45119547843933105,0.6256835460662842,-0.009901363402605057
3,1,0.4020251929759979,0.49834680557250977,0.004489195998758078
3,2,0.43604984879493713,0.8540421724319458,-0.006519169546663761
4,0,0.44591423869132996,0.6279612183570862,-0.005466778762638569
4,1,0.4018310010433197,0.49804171919822693,0.004566417541354895
4,2,0.43188923597335815,0.8268600702285767,-0.004494211636483669
5,0,0.4416360557079315,0.6313436627388,-0.009781042113900185
5,1,0.40163901448249817,0.49838075041770935,0.0037234702613204718
5,2,0.42617207765579224,0.8145541548728943,-0.00046058636507950723
6,0,0.43785715103149414,0.6406436562538147,-0.008240489289164543
6,1,0.4013766348361969,0.4985518455505371,0.0032737557776272297
6,2,0.43007227778434753,0.8074288964271545,-0.002650112845003605
7,0,0.43367069959640503,0.6827110648155212,-0.0049104536883533
7,1,0.4376542270183563,0.6558247208595276,-0.009905182756483555
7,2,0.4013846814632416,0.4981822669506073,0.003766144160181284
7,3,0.4190118610858917,0.818830668926239,-0.004728950094431639
8,0,0.43318381905555725,0.6716166734695435,-0.007171970792114735
8,1,0.4016757607460022,0.49693751335144043,0.0032418814953416586
8,2,0.4195246398448944,0.8062931299209595,-0.0005369852297008038
9,0,0.4344923198223114,0.667694091796875,-0.018116574734449387
9,1,0.4021044373512268,0.4978328049182892,0.002591978758573532
9,2,0.41984790563583374,0.8039379715919495,-0.0012531732209026814
10,0,0.4338286817073822,0.6696333885192871,-0.015103882178664207
10,1,0.40288689732551575,0.49604594707489014,0.0038057060446590185
10,2,0.4188941419124603,0.8082505464553833,0.0015201671048998833
11,0,0.4024900496006012,0.49654144048690796,0.0033335182815790176
11,1,0.4350980222225189,0.6688798666000366,-0.01174360141158104
11,2,0.40143850445747375,0.4964965581893921,0.0038000342901796103
11,3,0.41594672203063965,0.8136990666389465,0.003788238624110818
12,0,0.4347023367881775,0.6675530672073364,-0.011610837653279305
12,1,0.40146663784980774,0.49727869033813477,0.0023037116043269634
12,2,0.41977962851524353,0.8169874548912048,0.0051795803010463715
13,0,0.43437421321868896,0.6674990057945251,-0.012524272315204144
13,1,0.40107807517051697,0.4977988600730896,0.0017213973915204406
13,2,0.4215052127838135,0.8178724646568298,0.00458257831633091
14,0,0.4352443814277649,0.666828989982605,-0.011569675989449024
14,1,0.4013637900352478,0.4968484342098236,0.0018666433170437813
14,2,0.4239456057548523,0.8154750466346741,0.004303377121686935
15,0,0.4363631308078766,0.666050136089325,-0.013084517791867256
15,1,0.4016655385494232,0.4963925778865814,0.002105878433212638
15,2,0.4246023893356323,0.8130766153335571,0.0021887938492000103
16,0,0.43530240654945374,0.6669554710388184,-0.013174881227314472
16,1,0.4016599953174591,0.4966776371002197,0.00196436932310462
16,2,0.42469286918640137,0.8132174015045166,0.00211696675978601
17,0,0.4362252652645111,0.6665009260177612,-0.013001993298530579
17,1,0.40169236063957214,0.49682021141052246,0.0014926241710782051
17,2,0.4240413010120392,0.8135766386985779,0.0019955269526690245
18,0,0.43567797541618347,0.6668928861618042,-0.01314813643693924
18,1,0.4016653895378113,0.4964388906955719,0.0019334465032443404
18,2,0.4250814616680145,0.8133494853973389,0.0019332637311890721
19,0,0.436212420463562,0.6664776802062988,-0.01282490510493517
19,1,0.40170854330062866,0.49617624282836914,0.0017481950344517827
19,2,0.42399170994758606,0.8135184049606323,0.0022565913386642933
20,0,0.4354776442050934,0.6671649813652039,-0.013109330087900162
20,1,0.401813268661499,0.4962176978588104,0.002132649999111891
20,2,0.424920916557312,0.8132532835006714,0.0020724590867757797
21,0,0.43591874837875366,0.6670611500740051,-0.012651816941797733
21,1,0.4018150866031647,0.49612337350845337,0.0024784961715340614
21,2,0.4238719940185547,0.8135433793067932,0.002158648334443569
22,0,0.43544426560401917,0.6668980717658997,-0.012393702752888203
22,1,0.40175965428352356,0.49630698561668396,0.0024383366107940674
22,2,0.4249923825263977,0.8133820295333862,0.002019055187702179
23,0,0.435351699590683,0.6668983697891235,-0.0127389682456851
23,1,0.40182802081108093,0.49618467688560486,0.0025932255666702986
23,2,0.4241011440753937,0.8134411573410034,0.0024253723677247763
24,0,0.43643271923065186,0.6667522192001343,-0.014982531778514385
24,1,0.4018385708332062,0.49646279215812683,0.0023408846464008093
24,2,0.4246568977832794,0.8113847970962524,0.0029922539833933115
25,0,0.4361857771873474,0.6672335267066956,-0.015857961028814316
25,1,0.40195220708847046,0.49668610095977783,0.0029280970338732004
25,2,0.424167662858963,0.8110448718070984,0.0028351261280477047
26,0,0.4365425407886505,0.6673335433006287,-0.015237754210829735
26,1,0.4015996754169464,0.4969941973686218,0.001990263583138585
26,2,0.42446374893188477,0.8119408488273621,0.00205158069729805
27,0,0.4369061291217804,0.667971670627594,-0.0160943903028965
27,1,0.40153294801712036,0.49715736508369446,0.0020122325513511896
27,2,0.4238091707229614,0.8130127191543579,0.002467022743076086
28,0,0.4373311400413513,0.6691062450408936,-0.014670481905341148
28,1,0.4013073444366455,0.497683584690094,0.0015202509239315987
28,2,0.42472174763679504,0.8116595149040222,0.00255075772292912
29,0,0.4377029836177826,0.6679409742355347,-0.014970341697335243
29,1,0.4009435772895813,0.4984166622161865,0.0017781275091692805
29,2,0.4244548976421356,0.8116309642791748,0.0020002720411866903
30,0,0.43674352765083313,0.668375551700592,-0.01436316967010498
30,1,0.40097740292549133,0.49856531620025635,0.0022310218773782253
30,2,0.42468371987342834,0.81190025806427,0.0014130085473880172
31,0,0.43739572167396545,0.6673509478569031,-0.015293290838599205
31,1,0.4011659622192383,0.4985538721084595,0.002319634659215808
31,2,0.42465636134147644,0.8116564750671387,0.0013427541125565767
32,0,0.4363837242126465,0.6681202054023743,-0.015611815266311169
32,1,0.40131789445877075,0.497845321893692,0.002123434329405427
32,2,0.42452895641326904,0.8123958110809326,0.0014871053863316774
33,0,0.4365632236003876,0.6678283214569092,-0.01433800719678402
33,1,0.4016799032688141,0.4980601966381073,0.0018616827437654138
33,2,0.4241971969604492,0.8131932616233826,0.0020230894442647696
34,0,0.4366239011287689,0.6678425073623657,-0.014553900808095932
34,1,0.4011614918708801,0.4988645911216736,0.0020706383511424065
34,2,0.42473649978637695,0.8123407363891602,0.0014699769672006369
35,0,0.43665486574172974,0.6684728860855103,-0.014064913615584373
35,1,0.4012390971183777,0.49955177307128906,0.0013585580745711923
35,2,0.4241492450237274,0.8136129379272461,0.0020334511063992977
36,0,0.4369784891605377,0.6694008708000183,-0.014026546850800514
36,1,0.4007558822631836,0.49990230798721313,0.0015608773101121187
36,2,0.4241037368774414,0.8121083974838257,0.0021124279592186213
37,0,0.4368271231651306,0.6707255840301514,-0.013393987901508808
37,1,0.4008769989013672,0.49991118907928467,0.001970312325283885
37,2,0.4236101806163788,0.812489926815033,0.003819745033979416
38,0,0.4362941384315491,0.6708314418792725,-0.013167315162718296
38,1,0.4005160331726074,0.5001932978630066,0.0014086487935855985
38,2,0.42431917786598206,0.8109056949615479,0.002385873580351472
39,0,0.4363436996936798,0.6708744168281555,-0.013277418911457062
39,1,0.4006781280040741,0.4994093179702759,0.0015941052697598934
39,2,0.4234886169433594,0.8124339580535889,0.004031531047075987
40,0,0.437324583530426,0.6693152189254761,-0.013384520076215267
40,1,0.40092018246650696,0.49923741817474365,0.0015906051266938448
40,2,0.423688143491745,0.8122491836547852,0.002529701218008995
41,0,0.4364416301250458,0.6689258813858032,-0.013978451490402222
41,1,0.4011479318141937,0.4991385042667389,0.001454392564482987
41,2,0.42394208908081055,0.811812162399292,0.002605796093121171
42,0,0.436683714389801,0.6688476800918579,-0.014062919653952122
42,1,0.4014907479286194,0.49917829036712646,0.0025034404825419188
42,2,0.4240941107273102,0.8110901713371277,0.0033137481659650803
43,0,0.43672460317611694,0.6684684753417969,-0.013730602338910103
43,1,0.4021606147289276,0.4997328221797943,0.002368863672018051
43,2,0.4238438010215759,0.8113046884536743,0.0026777922175824642
44,0,0.4368900656700134,0.6686863303184509,-0.014373851008713245
44,1,0.40168285369873047,0.4997745454311371,0.0026989972684532404
44,2,0.42468687891960144,0.8106434345245361,0.0024998418521136045
45,0,0.4365187883377075,0.6686668395996094,-0.013426520861685276
45,1,0.4018534719944,0.49945294857025146,0.0025473888963460922
45,2,0.42420780658721924,0.8110175132751465,0.0021607079543173313
46,0,0.4364686906337738,0.6680488586425781,-0.013545745052397251
46,1,0.401551753282547,0.49947255849838257,0.0024201427586376667
46,2,0.42436105012893677,0.810829222202301,0.0031872293911874294
47,0,0.436292439699173,0.6690073013305664,-0.013426152057945728
47,1,0.40150004625320435,0.49897608160972595,0.0019398516742512584
47,2,0.4240458011627197,0.8112597465515137,0.0026282276958227158
48,0,0.4366060495376587,0.6676490306854248,-0.013140518218278885
48,1,0.40182533860206604,0.4991080164909363,0.0014759317273274064
48,2,0.42417192459106445,0.8114937543869019,0.003181037027388811
49,0,0.43646836280822754,0.6691688895225525,-0.013237737119197845
49,1,0.4015549421310425,0.49926772713661194,0.0020150088239461184
49,2,0.42413437366485596,0.8115248084068298,0.0029618991538882256
50,0,0.4366057813167572,0.6680262684822083,-0.012950779870152473
50,1,0.40182965993881226,0.4989388585090637,0.0020621814765036106
50,2,0.42412349581718445,0.8112233877182007,0.0024827918969094753
51,0,0.43648356199264526,0.6690553426742554,-0.013242530636489391
51,1,0.4016416668891907,0.4991056025028229,0.0017092465423047543
51,2,0.4240618944168091,0.8116385340690613,0.0027165370993316174
52,0,0.4365653097629547,0.6691074371337891,-0.012749359011650085
52,1,0.40158388018608093,0.4992021322250366,0.0017124387668445706
52,2,0.42414429783821106,0.8113531470298767,0.002929369453340769
53,0,0.43668925762176514,0.6691638827323914,-0.012567880563437939
53,1,0.40172278881073,0.4990091919898987,0.0019963777158409357
53,2,0.42400968074798584,0.8115485906600952,0.002327402587980032
54,0,0.43635594844818115,0.6676760315895081,-0.013198494911193848
54,1,0.4017044007778168,0.49905669689178467,0.0021584045607596636
54,2,0.4242106080055237,0.8115520477294922,0.002905183006078005
55,0,0.4363381862640381,0.6691857576370239,-0.012695706449449062
55,1,0.40166667103767395,0.49926748871803284,0.001537983538582921
55,2,0.4240497350692749,0.8113914132118225,0.0024083962198346853
56,0,0.4362300634384155,0.6680396199226379,-0.01279829628765583
56,1,0.40157410502433777,0.4992690682411194,0.0026274658739566803
56,2,0.42410290241241455,0.8116514086723328,0.0033154194243252277
57,0,0.43623536825180054,0.6690973043441772,-0.013057279400527477
57,1,0.4019261598587036,0.49928250908851624,0.002564382506534457
57,2,0.424032598733902,0.8115985989570618,0.003096610074862838
58,0,0.43642184138298035,0.6678436994552612,-0.013023794628679752
58,1,0.40174993872642517,0.500002384185791,0.0024611903354525566
58,2,0.4242418110370636,0.8118858337402344,0.0024116276763379574
59,0,0.43648403882980347,0.6688610315322876,-0.012597697786986828
59,1,0.4017340838909149,0.49955233931541443,0.0031841392628848553
59,2,0.42443540692329407,0.8118477463722229,0.00250714342109859
60,0,0.43599656224250793,0.6679699420928955,-0.012553761713206768
60,1,0.40186792612075806,0.4993387460708618,0.0026895091868937016
60,2,0.4243168532848358,0.8124077916145325,0.0026835573371499777
61,0,0.4360971748828888,0.670071005821228,-0.011682376265525818
61,1,0.40157538652420044,0.49953192472457886,0.002021662425249815
61,2,0.42386165261268616,0.8126939535140991,0.002863728441298008
62,0,0.43665963411331177,0.6674945950508118,-0.013051214627921581
62,1,0.4017925560474396,0.4998154938220978,0.0025035226717591286
62,2,0.4242779612541199,0.8125565648078918,0.0022262013517320156
63,0,0.435839980840683,0.6707974672317505,-0.01235728058964014
63,1,0.40166953206062317,0.4997228682041168,0.0023391724098473787
63,2,0.424318790435791,0.8123601078987122,0.0019816255662590265
64,0,0.43635690212249756,0.6682809591293335,-0.012820480391383171
64,1,0.4019785523414612,0.49920201301574707,0.0024942620657384396
64,2,0.42431506514549255,0.8119634985923767,0.002602697815746069
65,0,0.43618813157081604,0.6690691709518433,-0.012161744758486748
65,1,0.4019138813018799,0.49965527653694153,0.0016245449660345912
65,2,0.4245554804801941,0.8123290538787842,0.0024575807619839907
66,0,0.4362108111381531,0.6679273247718811,-0.01227522175759077
66,1,0.4020894169807434,0.49994969367980957,0.002252007834613323
66,2,0.42418909072875977,0.8129380941390991,0.0024742623791098595
67,0,0.4362618625164032,0.6694344282150269,-0.011892231181263924
67,1,0.40186792612075806,0.4999189078807831,0.0018289032159373164
67,2,0.42438098788261414,0.8131888508796692,0.0024220880586653948
68,0,0.4360658824443817,0.6679728031158447,-0.01328437402844429
68,1,0.4021088182926178,0.5000689625740051,0.0019795505795627832
68,2,0.42491984367370605,0.8130871653556824,0.002089293673634529
69,0,0.43638330698013306,0.6686184406280518,-0.012936736457049847
69,1,0.4019554853439331,0.500370442867279,0.0019032732816413045
69,2,0.42464637756347656,0.8132166266441345,0.0020497464574873447
70,0,0.43635424971580505,0.6678701639175415,-0.013078623451292515
70,1,0.4019927382469177,0.5000810027122498,0.00179877202026546
70,2,0.42475733160972595,0.8124291896820068,0.0018925470067188144
71,0,0.4365040957927704,0.6682775020599365,-0.012427347712218761
71,1,0.40190327167510986,0.5004512667655945,0.001787101966328919
71,2,0.42505720257759094,0.8128395676612854,0.0021782012190669775
72,0,0.436200350522995,0.6678650975227356,-0.0131303695961833
72,1,0.4021095931529999,0.5005147457122803,0.001495696953497827
72,2,0.42510849237442017,0.8130967020988464,0.0017107677413150668
73,0,0.43633243441581726,0.6687914133071899,-0.012998761609196663
73,1,0.40191203355789185,0.5004655718803406,0.0015889023197814822
73,2,0.4251740872859955,0.8124549388885498,0.001323429518379271
74,0,0.43680083751678467,0.6683132648468018,-0.012793335132300854
74,1,0.40212491154670715,0.5005596280097961,0.0019786518532782793
74,2,0.42483222484588623,0.8121999502182007,0.002601384883746505
75,0,0.43634089827537537,0.6682451367378235,-0.013137266039848328
75,1,0.4017329216003418,0.5006392598152161,0.0014276837464421988
75,2,0.4245246946811676,0.8122481107711792,0.0020758649334311485
76,0,0.4362858831882477,0.6697325110435486,-0.01323478203266859
76,1,0.40146031975746155,0.5008891820907593,0.0018550324020907283
76,2,0.42433997988700867,0.8131645917892456,0.002646074630320072
77,0,0.4366942346096039,0.6674409508705139,-0.014188422821462154
77,1,0.40182575583457947,0.5006425380706787,0.0024706663098186255
77,2,0.42395761609077454,0.8141139149665833,0.002005300484597683
78,0,0.43558844923973083,0.6707925796508789,-0.014051045291125774
78,1,0.402049720287323,0.500494658946991,0.003653826890513301
78,2,0.42432302236557007,0.813265860080719,0.002255341736599803
79,0,0.4368434548377991,0.6679200530052185,-0.014155605807900429
79,1,0.4015289545059204,0.5007778406143188,0.0021448670886456966
79,2,0.424099326133728,0.81414395570755,0.0021274532191455364
80,0,0.40215402841567993,0.5041019320487976,0.002751625142991543
80,1,0.4366125166416168,0.6684970259666443,-0.013759065419435501
80,2,0.40165892243385315,0.5010061264038086,0.00214035389944911
80,3,0.42402276396751404,0.8133708238601685,0.0030635101720690727
81,0,0.43689364194869995,0.6695294380187988,-0.013612148351967335
81,1,0.40193361043930054,0.5006262063980103,0.0028986025135964155
81,2,0.4237144887447357,0.814151406288147,0.002621597144752741
82,0,0.437794029712677,0.6680498123168945,-0.013432790525257587
82,1,0.40223148465156555,0.5012756586074829,0.002795756794512272
82,2,0.42399153113365173,0.8133196234703064,0.0025291915517300367
83,0,0.4369187355041504,0.6681237816810608,-0.013775627128779888
83,1,0.4019947052001953,0.5013224482536316,0.002683450700715184
83,2,0.42357948422431946,0.8138380646705627,0.002424384467303753
84,0,0.4030265510082245,0.5022440552711487,0.0018979294691234827
84,1,0.4366981089115143,0.6687414050102234,-0.014109855517745018
84,2,0.40178728103637695,0.5008485317230225,0.0023110758047550917
84,3,0.423980176448822,0.8133431673049927,0.002949606627225876
85,0,0.4364033043384552,0.6679390072822571,-0.014309032820165157
85,1,0.40200766921043396,0.5007889270782471,0.002558373613283038
85,2,0.4234684705734253,0.813027024269104,0.0028003405313938856
86,0,0.4367404282093048,0.6688949465751648,-0.014000587165355682
86,1,0.40171417593955994,0.5008265972137451,0.002335622673854232
86,2,0.4235171973705292,0.8134946823120117,0.0027790935710072517
87,0,0.43698638677597046,0.6676274538040161,-0.014161672443151474
87,1,0.40204209089279175,0.4999322295188904,0.0009325916180387139
87,2,0.4237777292728424,0.8124833703041077,0.002339206403121352
88,0,0.43726158142089844,0.669608473777771,-0.014191703870892525
88,1,0.40265583992004395,0.5004376173019409,0.0007977413479238749
88,2,0.42336469888687134,0.8121906518936157,0.0026904656551778316
89,0,0.4370337724685669,0.6680458784103394,-0.013852627016603947
89,1,0.4026305377483368,0.500420868396759,0.000643000821582973
89,2,0.42353355884552,0.812186598777771,0.002618716098368168
90,0,0.4037710726261139,0.5006834268569946,0.002185411984100938
90,1,0.4370393455028534,0.6674010753631592,-0.013033712282776833
90,2,0.4025978744029999,0.5002617239952087,0.0005076427478343248
90,3,0.4237559139728546,0.8120173811912537,0.0025885358918458223
91,0,0.43715596199035645,0.6677038669586182,-0.013720673508942127
91,1,0.40267646312713623,0.5002509951591492,0.0006361507112160325
91,2,0.4233866333961487,0.8132956027984619,0.002268910175189376
92,0,0.40381762385368347,0.5020934343338013,0.004991997964680195
92,1,0.437243789434433,0.6678813695907593,-0.013798750005662441
92,2,0.402509480714798,0.5003120303153992,0.0014312115963548422
92,3,0.42304036021232605,0.8144344091415405,0.002564819995313883
93,0,0.437715083360672,0.6676182746887207,-0.012735343538224697
93,1,0.4027661681175232,0.5000563263893127,0.0010217430535703897
93,2,0.42359980940818787,0.813625156879425,0.0014591995859518647
94,0,0.40409937500953674,0.50099116563797,0.0049241287633776665
94,1,0.4373185634613037,0.6663883924484253,-0.013053200207650661
94,2,0.40262532234191895,0.5002231001853943,0.0007537588244304061
94,3,0.4231894314289093,0.814609706401825,0.002076344331726432
95,0,0.437226265668869,0.6678513884544373,-0.012711288407444954
95,1,0.4028615653514862,0.5002606511116028,0.0007428723620250821
95,2,0.4234530031681061,0.8124268651008606,0.0031372029334306717
96,0,0.40347838401794434,0.5023042559623718,0.004505207762122154
96,1,0.4376233220100403,0.6673309803009033,-0.013402240350842476
96,2,0.4027712941169739,0.5001562237739563,0.0002956616226583719
96,3,0.4225887656211853,0.8151636719703674,0.0015313196927309036
97,0,0.4374016225337982,0.6668183207511902,-0.01280647236853838
97,1,0.40248122811317444,0.49964630603790283,0.0004338017606642097
97,2,0.42339450120925903,0.8128147721290588,0.0035755496937781572
98,0,0.4024702310562134,0.5017161965370178,0.0024637095630168915
98,1,0.4374253451824188,0.6685438752174377,-0.012994736433029175
98,2,0.40176546573638916,0.4996401071548462,0.0007790084928274155
98,3,0.4232558310031891,0.8140947222709656,0.0017666963394731283
99,0,0.4377157688140869,0.6661638617515564,-0.012157010845839977
99,1,0.4019390046596527,0.49931734800338745,0.0006334410281851888
99,2,0.4235837757587433,0.8129555583000183,0.0028379668947309256
100,0,0.40231359004974365,0.5022690296173096,0.002008987357839942
100,1,0.4373893439769745,0.6674916744232178,-0.01279482152312994
100,2,0.40184351801872253,0.499626487493515,0.0008087433525361121
100,3,0.4236026108264923,0.8135015368461609,0.0016924156807363033
101,0,0.43742895126342773,0.6675636172294617,-0.012640419416129589
101,1,0.40234243869781494,0.4980049729347229,0.000523604394402355
101,2,0.4243102967739105,0.8117851614952087,0.0029404035303741693
102,0,0.4377461075782776,0.666108250617981,-0.013170985504984856
102,1,0.4022349715232849,0.49804437160491943,0.0006060483283363283
102,2,0.4249914586544037,0.8118782639503479,0.0015477701090276241
103,0,0.4372020661830902,0.6673212051391602,-0.013044462539255619
103,1,0.4026675224304199,0.49821364879608154,0.0007684798329137266
103,2,0.4248044192790985,0.8116552829742432,0.0021955366246402264
104,0,0.4375864565372467,0.6676612496376038,-0.012682861648499966
104,1,0.4025011956691742,0.49781227111816406,8.15154635347426e-05
104,2,0.42436447739601135,0.8119045495986938,0.0028814985416829586
105,0,0.4379010796546936,0.666779100894928,-0.013311612419784069
105,1,0.40216100215911865,0.4980628192424774,0.0004985926207154989
105,2,0.4237823784351349,0.8123840093612671,0.0026147591415792704
106,0,0.4019204378128052,0.5004274249076843,0.0021019699051976204
106,1,0.43720027804374695,0.6682953238487244,-0.013258573599159718
106,2,0.40163594484329224,0.4984985589981079,-0.00036839128006249666
106,3,0.4239806830883026,0.8126108050346375,0.00303785502910614
107,0,0.4381566345691681,0.666435182094574,-0.012765763327479362
107,1,0.4020037353038788,0.49946752190589905,-0.0006766936276108027
107,2,0.42374780774116516,0.8127132058143616,0.0034399516880512238
108,0,0.40389007329940796,0.4991838037967682,0.0030501338187605143
108,1,0.43758973479270935,0.6675542593002319,-0.014899312518537045
108,2,0.4019622802734375,0.4994509220123291,-7.814489799784496e-05
108,3,0.42384693026542664,0.8136982321739197,0.0018907786579802632
109,0,0.43864211440086365,0.665887713432312,-0.014659112319350243
109,1,0.4019315838813782,0.49892356991767883,-0.000509894744027406
109,2,0.42381730675697327,0.8134332895278931,0.002847282914444804
110,0,0.4379974901676178,0.6675556302070618,-0.014758712612092495
110,1,0.4017176628112793,0.49922919273376465,8.555149543099105e-05
110,2,0.424702525138855,0.8125649094581604,0.003146033501252532
111,0,0.4386625289916992,0.6669431328773499,-0.014686454087495804
111,1,0.40209904313087463,0.499219685792923,-0.00030931035871617496
111,2,0.42357322573661804,0.8141530752182007,0.0024103482719510794
112,0,0.43855974078178406,0.6679390072822571,-0.014673775993287563
112,1,0.4017557203769684,0.4995342195034027,0.00040764143341220915
112,2,0.4247395694255829,0.8129917979240417,0.0024187162052839994
113,0,0.4386880695819855,0.6678087711334229,-0.013503722846508026
113,1,0.40181872248649597,0.49905967712402344,-0.0007316246046684682
113,2,0.42426955699920654,0.8152419924736023,0.0011106433812528849
114,0,0.43772491812705994,0.6673322319984436,-0.01402958668768406
114,1,0.4015714228153229,0.49952396750450134,-0.00111956347245723
114,2,0.4236602783203125,0.8145256638526917,0.002442143624648452
115,0,0.43815889954566956,0.6679767370223999,-0.014409435912966728
115,1,0.40151384472846985,0.49929720163345337,-0.0007828424568288028
115,2,0.4248298406600952,0.813653826713562,0.0014616770204156637
116,0,0.43909481167793274,0.6663843393325806,-0.013901944272220135
116,1,0.401387095451355,0.4989776909351349,-0.0005695671425200999
116,2,0.4245261251926422,0.814075767993927,0.0019952156580984592
117,0,0.40283623337745667,0.5000876784324646,0.0027179263997823
117,1,0.4375031888484955,0.6678150296211243,-0.013571662828326225
117,2,0.401553750038147,0.49886032938957214,-3.417965126573108e-05
117,3,0.4242749512195587,0.8155163526535034,0.0006568179232999682
118,0,0.43863052129745483,0.6675261855125427,-0.014027758501470089
118,1,0.4019038677215576,0.49880853295326233,-0.0008181030862033367
118,2,0.4243057370185852,0.8168802857398987,2.1054078388260677e-05
119,0,0.40368005633354187,0.4994127154350281,0.0017106831073760986
119,1,0.43810322880744934,0.6668311953544617,-0.013626303523778915
119,2,0.40213993191719055,0.49890395998954773,-0.00017153601220343262
119,3,0.42471927404403687,0.8151867985725403,0.0008101289276964962
120,0,0.4382595121860504,0.6677757501602173,-0.01418442465364933
120,1,0.4018338620662689,0.4988952577114105,-0.0013248854083940387
120,2,0.42466774582862854,0.8151967525482178,0.0009388753678649664
121,0,0.40316256880760193,0.49889153242111206,0.00518494239076972
121,1,0.4385288953781128,0.6671043634414673,-0.01402822695672512
121,2,0.40198060870170593,0.49888110160827637,-0.0008922336855903268
121,3,0.424821138381958,0.8134686350822449,0.0012309227604418993
122,0,0.43825629353523254,0.6669324636459351,-0.013506382703781128
122,1,0.40179017186164856,0.4990749657154083,-0.0002484864671714604
122,2,0.42457863688468933,0.8150071501731873,0.0007350725354626775
123,0,0.40306100249290466,0.4988119602203369,0.0026794583536684513
123,1,0.43825215101242065,0.6675190329551697,-0.014709610491991043
123,2,0.4019123911857605,0.49961182475090027,-0.0009235002216883004
123,3,0.4247744679450989,0.8126881122589111,0.0012088806834071875
124,0,0.43818479776382446,0.6661173105239868,-0.01467070821672678
124,1,0.40172120928764343,0.4987831115722656,-0.00039634585846215487
124,2,0.4243834316730499,0.8154172301292419,0.00023847364354878664
125,0,0.4374249279499054,0.6674633622169495,-0.014664375223219395
125,1,0.40156373381614685,0.4987221658229828,0.0002081894053844735
125,2,0.42428046464920044,0.8138625025749207,0.0015138245653361082
126,0,0.43807902932167053,0.6661236882209778,-0.013934983871877193
126,1,0.40175050497055054,0.49896371364593506,-0.0006640234496444464
126,2,0.4244658946990967,0.814749002456665,0.000932177237700671
127,0,0.43695154786109924,0.6672441959381104,-0.013244141824543476
127,1,0.4016181528568268,0.4984525144100189,-0.0001606996956979856
127,2,0.42481258511543274,0.8131746053695679,0.000942390353884548
128,0,0.4377504587173462,0.6670329570770264,-0.013130880892276764
128,1,0.4015633165836334,0.4989142417907715,-0.0004282637673895806
128,2,0.4246009588241577,0.8148157596588135,0.0005317410104908049
129,0,0.43681100010871887,0.6666573286056519,-0.014235849492251873
129,1,0.4015873670578003,0.498686820268631,-0.0005006950814276934
129,2,0.4245625436306,0.812416672706604,0.0018857602262869477
130,0,0.43706753849983215,0.6672899127006531,-0.014210913330316544
130,1,0.40110498666763306,0.49845990538597107,-0.0003450009098742157
130,2,0.4244522750377655,0.8132575154304504,0.0012851152569055557
131,0,0.43618398904800415,0.6675187945365906,-0.014043351635336876
131,1,0.40110787749290466,0.49874019622802734,0.00018090446246787906
131,2,0.4242371618747711,0.8127506375312805,0.001265979721210897
132,0,0.4360888600349426,0.667797327041626,-0.01407929789274931
132,1,0.4011571407318115,0.49859344959259033,-9.26373468246311e-05
132,2,0.4243793189525604,0.8122106790542603,0.0017126183956861496
133,0,0.4369630813598633,0.6670351028442383,-0.01280632708221674
133,1,0.400982141494751,0.49824807047843933,0.0001606670703040436
133,2,0.4246830642223358,0.8117326498031616,0.0018227475229650736
134,0,0.4360389709472656,0.6679581999778748,-0.013905815780162811
134,1,0.40077707171440125,0.49836039543151855,-8.32009463920258e-05
134,2,0.4239347279071808,0.8126091361045837,0.002301387023180723
135,0,0.4371582865715027,0.6675024628639221,-0.012721086852252483
135,1,0.4006054103374481,0.4986098110675812,0.00048591571976430714
135,2,0.42394164204597473,0.8129745721817017,0.0021969368681311607
136,0,0.43551936745643616,0.6676479578018188,-0.012471375986933708
136,1,0.4007876217365265,0.49899595975875854,0.0001231310743605718
136,2,0.4246183931827545,0.8121746778488159,0.001966804964467883
137,0,0.4359835982322693,0.6677881479263306,-0.012711205519735813
137,1,0.4003109931945801,0.49860459566116333,0.001742311054840684
137,2,0.42334336042404175,0.8139660358428955,0.0020762465428560972
138,0,0.43519333004951477,0.668231725692749,-0.012301525101065636
138,1,0.40067258477211,0.4987699091434479,0.001841540914028883
138,2,0.4247889220714569,0.8113121390342712,0.001958968350663781
139,0,0.43543338775634766,0.6671861410140991,-0.0123842041939497
139,1,0.4009605646133423,0.49955061078071594,0.0012637644540518522
139,2,0.42390331625938416,0.8135474324226379,0.002076040720567107
140,0,0.43569594621658325,0.6684139370918274,-0.012439217418432236
140,1,0.4009622633457184,0.49911993741989136,0.0024204086512327194
140,2,0.4248712956905365,0.8118043541908264,0.002334574470296502
141,0,0.43636831641197205,0.6662730574607849,-0.013135493732988834
141,1,0.401184618473053,0.4992418885231018,0.001906629535369575
141,2,0.42461827397346497,0.8136616349220276,0.0010627328883856535
142,0,0.4352986216545105,0.6684434413909912,-0.012753239832818508
142,1,0.4015125036239624,0.49912744760513306,0.0016437735175713897
142,2,0.42492958903312683,0.8131838440895081,0.001184417400509119
143,0,0.43610891699790955,0.6664014458656311,-0.01290815882384777
143,1,0.4015375077724457,0.49939337372779846,0.002151072258129716
143,2,0.4254259467124939,0.8137274980545044,0.0009463190217502415
144,0,0.4348607361316681,0.6676322221755981,-0.012700388208031654
144,1,0.4007388949394226,0.49861451983451843,0.0017422251403331757
144,2,0.42456695437431335,0.8135426640510559,0.001244016457349062
145,0,0.4342765808105469,0.6672719717025757,-0.012551438994705677
145,1,0.4010760486125946,0.4992406964302063,0.0022085108794271946
145,2,0.4240911900997162,0.8128396272659302,0.0015560905449092388
146,0,0.4338579475879669,0.668354868888855,-0.01103938091546297
146,1,0.4008607864379883,0.5001223683357239,0.002283177338540554
146,2,0.4232850968837738,0.8139352202415466,0.002846401883289218
147,0,0.43345075845718384,0.6697508096694946,-0.010184591636061668
147,1,0.4012162387371063,0.4998689591884613,0.0026108259335160255
147,2,0.42230361700057983,0.8133342266082764,0.0020576275419443846
148,0,0.43314409255981445,0.6704311966896057,-0.013265777379274368
148,1,0.4015750288963318,0.5004706978797913,0.002685518004000187
148,2,0.42215317487716675,0.8108371496200562,0.001714301877655089
149,0,0.43469855189323425,0.6671081185340881,-0.009838243015110493
149,1,0.4014979302883148,0.4996998608112335,0.00319461477920413
149,2,0.4220812916755676,0.8126378655433655,-0.0018613701686263084
150,0,0.4345686137676239,0.6715471744537354,-0.010204756632447243
150,1,0.40145143866539,0.49962615966796875,0.004037314094603062
150,2,0.4250949025154114,0.8000267148017883,0.0012463085586205125
151,0,0.43633008003234863,0.6708115339279175,-0.0045337979681789875
151,1,0.4011237919330597,0.49921050667762756,0.0034443368203938007
151,2,0.42680054903030396,0.7917320132255554,0.000635451462585479
152,0,0.43697285652160645,0.6743767261505127,-0.0034787366166710854
152,1,0.401647686958313,0.49940821528434753,0.0026967786252498627
152,2,0.4276803135871887,0.786996066570282,0.0007102280505932868
153,0,0.4388751983642578,0.67131507396698,-0.006451899651437998
153,1,0.40144479274749756,0.49942195415496826,0.00304980855435133
153,2,0.42915070056915283,0.7812803387641907,0.0010173789924010634
154,0,0.4380093514919281,0.6713283061981201,-0.00777218583971262
154,1,0.40200063586235046,0.4998073875904083,0.003199836704879999
154,2,0.42901673913002014,0.7804280519485474,0.0007116823690012097
155,0,0.43766894936561584,0.6739529371261597,-0.006590667180716991
155,1,0.40199705958366394,0.49966058135032654,0.003106802236288786
155,2,0.42914918065071106,0.7822014093399048,0.0020900238305330276
156,0,0.43676993250846863,0.6685184240341187,-0.005576012656092644
156,1,0.4019700884819031,0.49987557530403137,0.0018219422781839967
156,2,0.42928552627563477,0.783471941947937,-0.0003321280237287283
157,0,0.43611517548561096,0.6688523292541504,-0.0034584752283990383
157,1,0.40173983573913574,0.5004907250404358,0.0026318819727748632
157,2,0.4303438663482666,0.7819730639457703,-0.0013061926001682878
158,0,0.43586990237236023,0.6672331094741821,-0.0031426178757101297
158,1,0.4013582766056061,0.5004021525382996,0.003237675642594695
158,2,0.43528711795806885,0.77604740858078,-0.0033504562452435493
159,0,0.43553194403648376,0.6678803563117981,-0.004851856268942356
159,1,0.40117910504341125,0.5003985166549683,0.003513348288834095
159,2,0.4382626414299011,0.7713916897773743,-0.00351129611954093
160,0,0.4354269206523895,0.6696789264678955,-0.003072926541790366
160,1,0.40122875571250916,0.5001689195632935,0.004331386648118496
160,2,0.4392246603965759,0.7672801613807678,-0.0034842791501432657
161,0,0.4360613524913788,0.6689303517341614,-0.0024742684327065945
161,1,0.4013536870479584,0.5001817345619202,0.004033796489238739
161,2,0.4390389621257782,0.7686885595321655,-0.004329862538725138
162,0,0.43654799461364746,0.6727643013000488,-0.0026437153574079275
162,1,0.4016072452068329,0.5005690455436707,0.0029208099003881216
162,2,0.43906092643737793,0.7699815630912781,-0.0048988559283316135
163,0,0.4366198182106018,0.6719138622283936,-0.001780330901965499
163,1,0.40127184987068176,0.500091552734375,0.0019949334673583508
163,2,0.4384864568710327,0.7760304808616638,-0.0045845285058021545
164,0,0.43779662251472473,0.6716116666793823,-0.0008228860097005963
164,1,0.40359005331993103,0.49893462657928467,0.004121612757444382
164,2,0.4420408308506012,0.7735041975975037,-0.0033300973009318113
165,0,0.43584662675857544,0.6718605160713196,0.00013265784946270287
165,1,0.4059930741786957,0.4988521337509155,0.0016660254914313555
165,2,0.44424620270729065,0.7712709307670593,-0.003997862804681063
166,0,0.4340783357620239,0.6781525015830994,0.005857712589204311
166,1,0.40962034463882446,0.5013200640678406,-0.00034974151640199125
166,2,0.4462636411190033,0.7655715346336365,-0.0050080278888344765
167,0,0.433165580034256,0.6840841174125671,0.008305736817419529
167,1,0.41429951786994934,0.4973033666610718,-0.0012123819906264544
167,2,0.44748416543006897,0.7642543911933899,-0.004577510058879852
168,0,0.43798530101776123,0.6831318140029907,0.011067436076700687
168,1,0.4196176528930664,0.49655380845069885,-0.0026152327191084623
168,2,0.4486445188522339,0.7609348297119141,-0.005696052219718695
169,0,0.4366098940372467,0.6753562688827515,0.007816004566848278
169,1,0.4232521057128906,0.4976853132247925,-0.0021281929221004248
169,2,0.44830381870269775,0.7613763213157654,-0.0035464544780552387
170,0,0.4345405697822571,0.6700415015220642,0.0034077290911227465
170,1,0.42759039998054504,0.4990483820438385,-0.0012949799420312047
170,2,0.4482806324958801,0.7619624137878418,-0.003960020840167999
171,0,0.42388802766799927,0.670793354511261,-0.0005753831355832517
171,1,0.43130001425743103,0.5014154314994812,-0.0024122765753418207
171,2,0.4470769464969635,0.7661091089248657,-0.0029070344753563404
172,0,0.416946679353714,0.683220624923706,-0.0015951008535921574
172,1,0.4312918782234192,0.5045655369758606,-0.0005829833098687232
172,2,0.44756388664245605,0.7660430669784546,-0.0010453223949298263
173,0,0.40470296144485474,0.680601179599762,-0.003278446849435568
173,1,0.4285809099674225,0.5095725059509277,-0.0022775696124881506
173,2,0.44691362977027893,0.7639525532722473,-0.000816455518361181
174,0,0.3989482522010803,0.654332160949707,-0.006964162923395634
174,1,0.4242688715457916,0.5119081139564514,-0.003828314831480384
174,2,0.4458993077278137,0.7647225260734558,-0.0015674920286983252
175,0,0.38943037390708923,0.6460695862770081,-0.006666749715805054
175,1,0.4194992184638977,0.5098561644554138,-0.0024548794608563185
175,2,0.44545069336891174,0.7631163001060486,-0.0007528490386903286
176,0,0.37494030594825745,0.6420947909355164,-0.007672733161598444
176,1,0.4164891541004181,0.5098546743392944,-0.0033189202658832073
176,2,0.4454531967639923,0.7630627751350403,0.00010667495371308178
177,0,0.36619558930397034,0.6350123286247253,-0.01325514167547226
177,1,0.41322454810142517,0.510612964630127,-0.002110105939209461
177,2,0.4453028440475464,0.7619977593421936,0.0005148589261807501
178,0,0.3568843603134155,0.6371273994445801,-0.013284211978316307
178,1,0.411563903093338,0.5124745965003967,-0.0018082992173731327
178,2,0.44552668929100037,0.7627876400947571,0.000435256224591285
179,0,0.35082557797431946,0.638958752155304,-0.01262910757213831
179,1,0.4088481664657593,0.5087822675704956,-0.00099668325856328
179,2,0.445405513048172,0.7635343074798584,-0.0005601709708571434
180,0,0.34860846400260925,0.6368864178657532,-0.014951926656067371
180,1,0.4074349105358124,0.5075169205665588,-0.0018191105918958783
180,2,0.4453943371772766,0.7651339173316956,0.00044114625779911876
181,0,0.348318874835968,0.6364498734474182,-0.018191153183579445
181,1,0.4018193185329437,0.5082797408103943,-0.0007216509548015893
181,2,0.4454333186149597,0.7660805583000183,0.0004424737417139113
182,0,0.3466866910457611,0.6372277736663818,-0.018049143254756927
182,1,0.39687463641166687,0.5115436911582947,-0.0005608427454717457
182,2,0.44542792439460754,0.7664316296577454,0.0006195229943841696
183,0,0.346795916557312,0.6370522379875183,-0.01868433691561222
183,1,0.39248377084732056,0.5078310370445251,-0.0003231220180168748
183,2,0.4447144567966461,0.7686932682991028,-0.0003873537643812597
184,0,0.34322604537010193,0.6390358209609985,-0.017591090872883797
184,1,0.39149656891822815,0.5047187805175781,-0.0006507113575935364
184,2,0.4438188970088959,0.7713802456855774,-0.0011369868880137801
185,0,0.33797723054885864,0.6388902068138123,-0.016734102740883827
185,1,0.3949926197528839,0.49483218789100647,-0.0027067684568464756
185,2,0.44417428970336914,0.7706305980682373,-0.0011565911117941141
186,0,0.3352513611316681,0.6383909583091736,-0.017336953431367874
186,1,0.4040689468383789,0.4869513213634491,-0.001998909981921315
186,2,0.44393303990364075,0.7708465456962585,-0.0020429163705557585
187,0,0.33196091651916504,0.6387607455253601,-0.01737825945019722
187,1,0.4110724627971649,0.4813964366912842,-0.0018858499825000763
187,2,0.44328123331069946,0.7717295289039612,-0.0019855841528624296
188,0,0.328632652759552,0.6386459469795227,-0.017748238518834114
188,1,0.42062267661094666,0.47850853204727173,-0.0033406466245651245
188,2,0.44342607259750366,0.771128237247467,-0.0016376159619539976
189,0,0.32538628578186035,0.6423262357711792,-0.015936337411403656
189,1,0.42976951599121094,0.4799153208732605,-0.003240925492718816
189,2,0.4421796500682831,0.7721477746963501,-0.0019537967164069414
190,0,0.3236764669418335,0.6478603482246399,-0.015551036223769188
190,1,0.4358571171760559,0.48294761776924133,-0.0037330491468310356
190,2,0.4408034086227417,0.7723322510719299,-0.0008161425939761102
191,0,0.3235979676246643,0.6478319764137268,-0.012917245738208294
191,1,0.43774208426475525,0.48840057849884033,-0.0015254575992003083
191,2,0.4400792717933655,0.7705828547477722,-0.0002165847399737686
192,0,0.32684165239334106,0.6515613198280334,-0.01144222728908062
192,1,0.4395532011985779,0.4922981858253479,-0.0006184852682054043
192,2,0.43704357743263245,0.7707304358482361,0.001271673128940165
193,0,0.3397078216075897,0.6405770778656006,-0.017075272276997566
193,1,0.44166886806488037,0.4929206967353821,-0.0009475258411839604
193,2,0.4355093538761139,0.7711203098297119,0.0009061655146069825
194,0,0.34830576181411743,0.6367269158363342,-0.014716008678078651
194,1,0.44148391485214233,0.49583548307418823,-0.00021908026246819645
194,2,0.4364355802536011,0.7680951952934265,-0.0004758394497912377
195,0,0.4441436529159546,0.4966496229171753,0.002608254784718156
195,1,0.4425641596317291,0.4994325041770935,0.0010053373407572508
195,2,0.43691346049308777,0.766005277633667,-0.0004982124664820731
196,0,0.44124743342399597,0.5020723342895508,0.0005098910187371075
196,1,0.43654999136924744,0.7655172348022461,-0.00028866782668046653
197,0,0.43970248103141785,0.5000442862510681,0.0005679760361090302
197,1,0.4399215281009674,0.7658940553665161,5.049242190580117e-06
198,0,0.4371294677257538,0.4984044134616852,0.00030870764749124646
198,1,0.4426957368850708,0.7727808952331543,0.001111783436499536
199,0,0.40984341502189636,0.6631451845169067,0.0119700375944376
199,1,0.43180620670318604,0.4977439045906067,0.0005621699383482337
199,2,0.44515955448150635,0.7655600309371948,0.0015642311191186309
200,0,0.41380444169044495,0.6639624238014221,0.005168997682631016
200,1,0.4270026683807373,0.4973663091659546,0.0015086729545146227
200,2,0.45008060336112976,0.764596700668335,0.002303494606167078
201,0,0.4174197316169739,0.6680771112442017,0.00257805734872818
201,1,0.42145708203315735,0.49992239475250244,0.0033677788451313972
201,2,0.44797730445861816,0.7606001496315002,0.00032019036007113755
202,0,0.42200809717178345,0.6670882701873779,0.0017621300648897886
202,1,0.4134195148944855,0.5096747875213623,0.002049932023510337
202,2,0.451590359210968,0.757946789264679,-0.0011782449437305331
203,0,0.42554205656051636,0.6709970831871033,0.001319325645454228
203,1,0.4080381691455841,0.4993043541908264,0.002832427155226469
203,2,0.45260512828826904,0.7566219568252563,-0.001127718249335885
204,0,0.4316563904285431,0.6821110844612122,0.004570215009152889
204,1,0.4016638398170471,0.5004032850265503,0.001748270238749683
204,2,0.4530014097690582,0.7632853388786316,-0.002151117892935872
205,0,0.4312034547328949,0.6792947053909302,0.006277482956647873
205,1,0.396074116230011,0.4975486993789673,0.0010612865444272757
205,2,0.4519367516040802,0.7585647106170654,-0.006410786882042885
206,0,0.4290248453617096,0.6765448451042175,0.004589784424751997
206,1,0.39228615164756775,0.49722588062286377,-0.0004120751400478184
206,2,0.4503192603588104,0.7589761018753052,-0.006937944795936346
207,0,0.43023115396499634,0.6805071830749512,0.0060001760721206665
207,1,0.38906732201576233,0.49768194556236267,-0.0016551619628444314
207,2,0.4511409103870392,0.7651395201683044,-0.005983035080134869
208,0,0.42765989899635315,0.6768243312835693,0.0029454666655510664
208,1,0.3873681128025055,0.4952518343925476,0.0007003492210060358
208,2,0.45108547806739807,0.7578067183494568,-0.008315359242260456
209,0,0.4245428740978241,0.6761157512664795,0.00446100952103734
209,1,0.3883167505264282,0.4956410229206085,0.0010218798415735364
209,2,0.4509643018245697,0.7581882476806641,-0.006768570281565189
210,0,0.4233677089214325,0.6752238273620605,0.004392362665385008
210,1,0.3894840180873871,0.49407845735549927,0.0003932882973458618
210,2,0.4501282870769501,0.7592843770980835,-0.00917286891490221
211,0,0.41962170600891113,0.6749392747879028,0.003313919994980097
211,1,0.3926202356815338,0.4951193928718567,0.00021445091988425702
211,2,0.44966840744018555,0.7606766819953918,-0.007727070711553097
212,0,0.4180804193019867,0.6749452948570251,0.004098749253898859
212,1,0.39641180634498596,0.49478650093078613,0.0008816564804874361
212,2,0.44709494709968567,0.759295642375946,-0.010234145447611809
213,0,0.4152486324310303,0.6736096739768982,0.0032414107117801905
213,1,0.40168845653533936,0.4936354458332062,0.0004310685908421874
213,2,0.44789817929267883,0.7592650055885315,-0.008603185415267944
214,0,0.4120127856731415,0.6745922565460205,0.003450903808698058
214,1,0.4072297215461731,0.4938007593154907,-9.616191528039053e-05
214,2,0.44564419984817505,0.7552729249000549,-0.009233060292899609
215,0,0.41230860352516174,0.4947538375854492,0.001144221518188715
215,1,0.4429638981819153,0.7534359693527222,-0.00870987493544817
216,0,0.4015682339668274,0.6756143569946289,0.0013201410183683038
216,1,0.41761845350265503,0.4955841898918152,0.0015146279474720359
216,2,0.43902450799942017,0.7538665533065796,-0.007656140252947807
217,0,0.3962957561016083,0.6752032041549683,0.0039337086491286755
217,1,0.4221016764640808,0.49680572748184204,0.0003538902092259377
217,2,0.4332648515701294,0.752502977848053,-0.003389552002772689
218,0,0.39151138067245483,0.6721915602684021,0.0037679204251617193
218,1,0.42664703726768494,0.49780869483947754,0.0008947828318923712
218,2,0.42834368348121643,0.7540696859359741,-0.007477835286408663
219,0,0.38498494029045105,0.672378420829773,0.0037521764170378447
219,1,0.43122807145118713,0.49838653206825256,0.0004960813676007092
219,2,0.42319193482398987,0.748661458492279,-0.006270254962146282
220,0,0.37867283821105957,0.6722455620765686,0.005686750635504723
220,1,0.43642860651016235,0.4986668527126312,0.0004662389401346445
220,2,0.4183013439178467,0.7485175132751465,-0.007624106947332621
221,0,0.3703516721725464,0.6704562306404114,0.00377132510766387
221,1,0.43973174691200256,0.49922069907188416,0.0001606792357051745
221,2,0.41046327352523804,0.7493879199028015,-0.008087736554443836
222,0,0.4035331606864929,0.7486188411712646,0.0004580409440677613
222,1,0.3622388541698456,0.6677795052528381,0.002920463215559721
222,2,0.4426667392253876,0.49843156337738037,-2.3818633053451777e-05
222,3,0.40135911107063293,0.7447937726974487,-0.008372657001018524
223,0,0.35606926679611206,0.6676912903785706,0.004639557562768459
223,1,0.44356709718704224,0.497909814119339,0.0006858186097815633
224,0,0.3463919162750244,0.6631929278373718,0.005492588970810175
224,1,0.44225963950157166,0.497573584318161,0.0011106746969744563
225,0,0.341431200504303,0.6601693034172058,0.004812793806195259
225,1,0.4397430121898651,0.4976409673690796,0.0012219431810081005
226,0,0.43491625785827637,0.49802011251449585,0.0010357715655118227
227,0,0.42960411310195923,0.4969375431537628,0.003083380637690425
228,0,0.4231977164745331,0.49786484241485596,0.0018176971934735775
229,0,0.31518086791038513,0.6533398032188416,0.009816708974540234
229,1,0.41663235425949097,0.4966534376144409,0.0017888745060190558
230,0,0.3046865165233612,0.6470614075660706,0.006972372066229582
230,1,0.41039803624153137,0.49649009108543396,0.0006994440918788314
231,0,0.342312753200531,0.7280751466751099,-0.004283224232494831
231,1,0.40383297204971313,0.48517197370529175,-0.003999334294348955
231,2,0.3034304678440094,0.6386802196502686,0.009303181432187557
231,3,0.40480712056159973,0.49507057666778564,-0.0001682701986283064
232,0,0.34159883856773376,0.7323693037033081,-0.001369377365335822
232,1,0.2996768653392792,0.6420341730117798,0.010741114616394043
232,2,0.39907512068748474,0.49431556463241577,0.00023533852072432637
233,0,0.299082487821579,0.6388314366340637,0.00707653583958745
233,1,0.39438343048095703,0.4934543967247009,0.0001762974716257304
234,0,0.30135780572891235,0.6391048431396484,0.010953684337437153
234,1,0.39027902483940125,0.49518656730651855,-0.0011341519420966506
235,0,0.30252179503440857,0.6393762826919556,0.011138194240629673
235,1,0.38874050974845886,0.49475160241127014,0.0005706390365958214
236,0,0.3425624966621399,0.731562077999115,-0.00077677215449512
236,1,0.30114272236824036,0.6429798603057861,0.006375228986144066
236,2,0.38822174072265625,0.4966941475868225,0.0010219382820650935
237,0,0.30201220512390137,0.6370855569839478,0.00655923830345273
237,1,0.3907230496406555,0.4952385425567627,0.001831837696954608
238,0,0.349903404712677,0.7351951003074646,-0.0026163931470364332
238,1,0.30430227518081665,0.6413891315460205,0.00696087721735239
238,2,0.39439961314201355,0.49568459391593933,0.0006699346122331917
239,0,0.35749945044517517,0.7396354675292969,0.0009234769968315959
239,1,0.30957597494125366,0.6412030458450317,0.00761657627299428
239,2,0.399475634098053,0.49530041217803955,-0.0001417291205143556
240,0,0.3649025857448578,0.7409515976905823,0.00020547585154417902
240,1,0.31509774923324585,0.641509473323822,0.00775497080758214
240,2,0.405725359916687,0.49649956822395325,0.00048777274787425995
241,0,0.37273117899894714,0.7535712122917175,-0.00292959064245224
241,1,0.3201138377189636,0.6435391306877136,0.00407065125182271
241,2,0.41241535544395447,0.4969325065612793,0.0012290150625631213
242,0,0.37113505601882935,0.7315866351127625,-0.005977867171168327
242,1,0.37827232480049133,0.7469467520713806,-0.0019166488200426102
242,2,0.3299863934516907,0.642019510269165,0.0006449184729717672
242,3,0.41942474246025085,0.49833428859710693,0.0008302905480377376
243,0,0.33820900321006775,0.6451249718666077,-0.0007172738551162183
243,1,0.42731887102127075,0.5001457929611206,-0.0009335537906736135
244,0,0.34552448987960815,0.6529058814048767,-0.0009473884128965437
244,1,0.435225248336792,0.5002964735031128,-0.00080444710329175
245,0,0.4410095810890198,0.502290666103363,-0.0007570013403892517
246,0,0.41580730676651,0.7506085634231567,0.000307770271319896
246,1,0.3711410462856293,0.6692978739738464,0.00731314904987812
246,2,0.44416630268096924,0.5020734667778015,-0.0007865027873776853
247,0,0.4258488714694977,0.7546275854110718,-0.001397491549141705
247,1,0.44778451323509216,0.5023515820503235,0.00025640151579864323
248,0,0.39163607358932495,0.6812032461166382,0.0046050711534917355
248,1,0.43564242124557495,0.7588024735450745,-0.0016411262331530452
248,2,0.4491688013076782,0.5035094022750854,0.0006857246626168489
249,0,0.40136709809303284,0.6790210604667664,-0.0009873033268377185
249,1,0.4447631537914276,0.758323609828949,-0.001865946687757969
249,2,0.4506613612174988,0.5019181966781616,4.8296577006112784e-05
250,0,0.41119861602783203,0.6835696697235107,0.0005702884518541396
250,1,0.4553069770336151,0.7673122882843018,-0.0038563283160328865
250,2,0.4472150206565857,0.5010097026824951,0.002430385909974575
251,0,0.4209848642349243,0.6876316666603088,-0.0003606404934544116
251,1,0.46203941106796265,0.764692485332489,-0.00425267219543457
251,2,0.4449153542518616,0.5002077221870422,0.0020605961326509714
252,0,0.43055492639541626,0.687428891658783,0.0008512608474120498
252,1,0.46644359827041626,0.7627050876617432,-0.0025653557386249304
252,2,0.44274091720581055,0.4988226890563965,0.000656214717309922
253,0,0.4372250437736511,0.6895707845687866,-0.0016275206580758095
253,1,0.47072142362594604,0.7647577524185181,-0.0026609739288687706
253,2,0.44036373496055603,0.49794602394104004,0.00032657786505296826
254,0,0.4401572644710541,0.6895482540130615,0.0018070689402520657
254,1,0.4722870886325836,0.7646213173866272,-0.003922386094927788
254,2,0.4376929700374603,0.4955715537071228,-0.0002398509532213211
255,0,0.4411155879497528,0.6902090311050415,0.004983488004654646
255,1,0.4715859889984131,0.7662716507911682,-0.0036161458119750023
255,2,0.43392643332481384,0.49398136138916016,0.0011161393485963345
256,0,0.44193771481513977,0.6897227168083191,0.008528108708560467
256,1,0.4693842828273773,0.7652096152305603,-0.0022933052387088537
256,2,0.4298273026943207,0.493928462266922,0.002386244712397456
257,0,0.44771847128868103,0.6941377520561218,0.007374625187367201
257,1,0.4666736423969269,0.7646846175193787,-0.0030451181810349226
257,2,0.4255462884902954,0.49417150020599365,0.0025904711801558733
258,0,0.4365440607070923,0.687924861907959,0.009607997722923756
258,1,0.463428258895874,0.762861967086792,-0.001985521288588643
258,2,0.42079371213912964,0.49407243728637695,0.002533047227188945
259,0,0.43336617946624756,0.6873313188552856,0.008595260791480541
259,1,0.4602096378803253,0.7625872492790222,-0.0010802361648529768
259,2,0.41668957471847534,0.49304869771003723,0.0024314613547176123
260,0,0.4276220202445984,0.6867321729660034,0.007687651086598635
260,1,0.4565190076828003,0.7627272009849548,-0.0006753166089765728
260,2,0.41173848509788513,0.4932767450809479,0.0022960531059652567
261,0,0.42187732458114624,0.6858503222465515,0.007740712258964777
261,1,0.45184701681137085,0.7618110179901123,-0.0014845510013401508
261,2,0.4073686897754669,0.4932451546192169,0.0012211693683639169
262,0,0.41798585653305054,0.6871512532234192,0.012925407849252224
262,1,0.4453265070915222,0.7576640248298645,-6.783091521356255e-05
262,2,0.4026418626308441,0.4937242269515991,0.0013356864219531417
263,0,0.4070158898830414,0.6861974000930786,0.009322455152869225
263,1,0.4379273056983948,0.7565931081771851,0.0013948060804978013
263,2,0.3990917503833771,0.49428296089172363,0.00027239209157414734
264,0,0.43003493547439575,0.7537150382995605,0.0023178830742836
264,1,0.39566323161125183,0.49347883462905884,-0.0010063699446618557
265,0,0.39003151655197144,0.6934175491333008,0.006742006167769432
265,1,0.42319539189338684,0.7554954886436462,0.0021354646887630224
265,2,0.39261966943740845,0.4940212368965149,-0.00018512876704335213
266,0,0.4149465560913086,0.7553876042366028,0.002167007653042674
266,1,0.38941267132759094,0.49489590525627136,-0.0007149968296289444
267,0,0.4067772924900055,0.7506204843521118,0.0009769898606464267
267,1,0.38627129793167114,0.4946443736553192,0.0024612729903310537
268,0,0.3476742208003998,0.6648951172828674,0.009368116967380047
268,1,0.3973303735256195,0.7482950687408447,0.0006359839462675154
268,2,0.38472071290016174,0.4942251741886139,0.0013816518476232886
269,0,0.3394022583961487,0.6565482020378113,0.00591183640062809
269,1,0.3876807987689972,0.7458716034889221,0.002393784699961543
269,2,0.3831135332584381,0.494231641292572,-0.00029824158991687
270,0,0.37727469205856323,0.7422357201576233,0.0031738956458866596
270,1,0.383108913898468,0.4936346709728241,1.2869977581431158e-05
271,0,0.36902981996536255,0.7416278719902039,0.002899440238252282
271,1,0.3831648826599121,0.493600457906723,-0.0004941524239256978
272,0,0.36034584045410156,0.7431851029396057,0.002002445515245199
272,1,0.38442492485046387,0.49312785267829895,0.0021800068207085133
273,0,0.38765057921409607,0.4895734488964081,-0.0009022119338624179
273,1,0.3498649597167969,0.7375340461730957,0.002808281918987632
273,2,0.38553619384765625,0.49379366636276245,0.002282439498230815
274,0,0.3437754213809967,0.7328073382377625,-0.00024074778775684536
274,1,0.3878077268600464,0.4940771460533142,0.002277039922773838
275,0,0.39135968685150146,0.4945128262042999,0.0028732633218169212
276,0,0.39535290002822876,0.4969803988933563,0.0030828742310404778
277,0,0.39955949783325195,0.4952329993247986,0.0004105196276213974
278,0,0.40461501479148865,0.4972164034843445,0.0006959964521229267
279,0,0.4137248992919922,0.4954664707183838,0.0023317786399275064
279,1,0.41110268235206604,0.49710139632225037,-0.00031235351343639195
280,0,0.4171362519264221,0.4974187910556793,0.0002036674413830042
281,0,0.423453152179718,0.49892833828926086,-0.00031236509676091373
282,0,0.4290522038936615,0.49965643882751465,0.0029947117436677217
283,0,0.43491461873054504,0.5034488439559937,0.0017750749830156565
284,0,0.44126537442207336,0.503903865814209,0.00028615532210096717
285,0,0.4457080364227295,0.5034627318382263,0.0005451012984849513
286,0,0.31771332025527954,0.6421089768409729,0.005522781517356634
286,1,0.4493347406387329,0.503082275390625,0.00033833534689620137
287,0,0.3243752717971802,0.6430889964103699,0.0028661713004112244
287,1,0.4525607228279114,0.5025800466537476,0.001081924419850111
288,0,0.33409249782562256,0.6454275250434875,-0.0009383175638504326
288,1,0.4531753361225128,0.5051776766777039,0.001604008488357067
289,0,0.3955172896385193,0.754441499710083,-0.0018443388398736715
289,1,0.34424495697021484,0.6557220220565796,0.0005270730471238494
289,2,0.4517199993133545,0.49969005584716797,0.002695020055398345
290,0,0.40727365016937256,0.7556190490722656,0.0021583540365099907
290,1,0.4494193196296692,0.5001737475395203,0.005161105189472437
291,0,0.41943952441215515,0.7586848735809326,-0.0001922613737406209
291,1,0.445884644985199,0.5004895329475403,0.002241479465737939
292,0,0.4337124526500702,0.7579847574234009,-0.0016090248245745897
292,1,0.4405764937400818,0.49837207794189453,0.0011912196641787887
293,0,0.446489155292511,0.7581309676170349,-0.003559303702786565
293,1,0.4335556626319885,0.49891722202301025,0.0001536858471808955
294,0,0.45982176065444946,0.7635836005210876,-0.005068797152489424
294,1,0.4268442988395691,0.49842432141304016,0.002298993058502674
295,0,0.4716702997684479,0.7606310844421387,-0.005379851441830397
295,1,0.4203885793685913,0.49796897172927856,0.0014686200302094221
296,0,0.4796384572982788,0.765875518321991,-0.004888289608061314
296,1,0.4136006832122803,0.49695149064064026,0.001925083575770259
297,0,0.40827256441116333,0.4943351149559021,0.002212642226368189
297,1,0.4854423701763153,0.7657447457313538,-0.0035738858859986067
297,2,0.40625911951065063,0.49722403287887573,0.0014765944797545671
